{"mean":{"confidence_interval":{"confidence_level":0.95,"lower_bound":-0.12689642005322563,"upper_bound":-0.05714750882875176},"point_estimate":-0.09314469703626205,"standard_error":0.01779885744612976},"median":{"confidence_interval":{"confidence_level":0.95,"lower_bound":-0.1477522892435037,"upper_bound":-0.07081427434973131},"point_estimate":-0.12887954919671674,"standard_error":0.019118339742621296}}