{"mean":{"confidence_interval":{"confidence_level":0.95,"lower_bound":-0.20983120442784828,"upper_bound":-0.14916710798216737},"point_estimate":-0.18074402156489733,"standard_error":0.015448580497244568},"median":{"confidence_interval":{"confidence_level":0.95,"lower_bound":-0.284864478532764,"upper_bound":-0.1152967821744888},"point_estimate":-0.2038250371169511,"standard_error":0.05157912966322307}}