{"mean":{"confidence_interval":{"confidence_level":0.95,"lower_bound":-0.12468043509395979,"upper_bound":0.023152806740133425},"point_estimate":-0.05596890857097181,"standard_error":0.03761058985167232},"median":{"confidence_interval":{"confidence_level":0.95,"lower_bound":-0.1679427320312984,"upper_bound":-0.027898396236289535},"point_estimate":-0.1214109216361362,"standard_error":0.03595158198125869}}