{"mean":{"confidence_interval":{"confidence_level":0.95,"lower_bound":-0.04020911916375404,"upper_bound":0.009868078026983891},"point_estimate":-0.015346929701259504,"standard_error":0.012786759843098787},"median":{"confidence_interval":{"confidence_level":0.95,"lower_bound":-0.061388246853799955,"upper_bound":0.02508191046430741},"point_estimate":-0.014103362001031128,"standard_error":0.022479916137834576}}