{"mean":{"confidence_interval":{"confidence_level":0.95,"lower_bound":-0.08905040371313769,"upper_bound":0.037807422840353766},"point_estimate":-0.030736836260140676,"standard_error":0.03240251739461836},"median":{"confidence_interval":{"confidence_level":0.95,"lower_bound":-0.29310157419671556,"upper_bound":0.3777426564456299},"point_estimate":-0.044253073067152204,"standard_error":0.16556949316302377}}